{"stats":{"minecraft:picked_up":{"minecraft:oak_log":1},"minecraft:custom":{"minecraft:jump":77,"minecraft:time_since_rest":3908,"minecraft:damage_dealt":10,"minecraft:damage_taken":80,"minecraft:leave_game":2,"minecraft:play_time":3908,"minecraft:sprint_one_cm":9250,"minecraft:time_since_death":3908,"minecraft:walk_one_cm":10174,"minecraft:total_world_time":3908,"minecraft:fly_one_cm":11307,"minecraft:fall_one_cm":3913},"minecraft:mined":{"minecraft:grass_block":2,"minecraft:spruce_leaves":3,"minecraft:oak_log":1,"minecraft:oak_leaves":11,"minecraft:fern":1}},"DataVersion":3465}